Fold,Accuracy,Precision (W),Recall (W),F1-Score (W),F1-Score (Macro)
1,0.989736572015053,0.9897570587658787,0.989736572015053,0.9897406927332316,0.9897406155382065
2,0.9864864864864865,0.9865030121355391,0.9864864864864865,0.9864723178677203,0.9864727308227991
3,0.9890523434827232,0.9891207489895995,0.9890523434827232,0.989054489990005,0.9890530560451894
4,0.9907613344739093,0.9908135916461995,0.9907613344739093,0.9907701798966504,0.9907701798966503
5,0.9900769888793841,0.9901110963981257,0.9900769888793841,0.990075856511018,0.9900758565110179
