Model,Accuracy,Precision (W),Recall (W),F1-Score (W),F1-Score (Macro)
Logistic Regression,0.9852890865549093,0.9853189940944718,0.9852890865549093,0.9852982166665247,0.985297020823741
Neural Network,0.98323640095792,0.9834845506804584,0.98323640095792,0.983240837821466,0.9832407922942421
XGBoost,0.9666438590489224,0.9667654877002518,0.9666438590489224,0.9666730744832174,0.966668689874564
Random Forest,0.9620253164556962,0.9622679508327069,0.9620253164556962,0.9621015111445733,0.962097235744935
Decision Tree,0.9367088607594937,0.9372674665098407,0.9367088607594937,0.9368643513533674,0.9368563256561367
