Feature,Importance
video_completion_rate,0.6385417052730332
on_time_rate,0.5538899412843667
days_accessed,0.26885001724653357
total_clicks,0.05521587732832734
project_based_learning_adoption,0.020528412796968074
forum_posts,0.020500005587561685
flipped_classroom,0.009713569744264256
resource_downloads,0.009431304641136113
peer_instruction_intensity,0.009116521142188106
peer_instruction_adoption,0.009023062046521537
flipped_classroom_adoption,0.00792293089433853
project_based_learning,0.0
